battery_id,cycle,capacity_ah,soh
B0005,1,1.8564874208181574,100.0
B0005,2,1.846327249719927,99.45
B0005,3,1.8353491942234077,98.86
B0005,4,1.8352625275821128,98.86
B0005,5,1.8346455082120419,98.82
B0005,6,1.8356616600675495,98.88
B0005,7,1.8351461429226603,98.85
B0005,8,1.8257567905665537,98.34
B0005,9,1.8247738529891333,98.29
B0005,10,1.824613268496936,98.28
B0005,11,1.8246195526864504,98.28
B0005,12,1.8142019357673917,97.72
B0005,13,1.8137521577549054,97.7
B0005,14,1.8134404914735822,97.68
B0005,15,1.8025980036306504,97.1
B0005,16,1.80210690024615,97.07
B0005,17,1.802579500826209,97.1
B0005,18,1.8030683142834096,97.12
B0005,19,1.8027776247196041,97.11
B0005,20,1.8470259949329193,99.49
B0005,21,1.847417311283644,99.51
B0005,22,1.8361774213478947,98.91
B0005,23,1.8257807475776242,98.35
B0005,24,1.8251136435078368,98.31
B0005,25,1.8255815042203762,98.34
B0005,26,1.8140311275083907,97.71
B0005,27,1.8147691941158939,97.75
B0005,28,1.813969388710352,97.71
B0005,29,1.802765665167823,97.11
B0005,30,1.804077040117352,97.18
B0005,31,1.8518025516704486,99.75
B0005,32,1.8307038456739428,98.61
B0005,33,1.8199041089501267,98.03
B0005,34,1.8093079637028517,97.46
B0005,35,1.80460990458052,97.21
B0005,36,1.7993770651972192,96.92
B0005,37,1.7884432335370462,96.33
B0005,38,1.7829230484252723,96.04
B0005,39,1.7730337158018288,95.5
B0005,40,1.773037755078937,95.5
B0005,41,1.7678721106662054,95.23
B0005,42,1.7623150704093087,94.93
B0005,43,1.7676172924938447,95.21
B0005,44,1.762668359743147,94.95
B0005,45,1.7517304870664143,94.36
B0005,46,1.7418496047960008,93.83
B0005,47,1.7360913511847138,93.51
B0005,48,1.7936240148573608,96.61
B0005,49,1.7831890223273275,96.05
B0005,50,1.7673642076278957,95.2
B0005,51,1.7570177850353066,94.64
B0005,52,1.7468706179837907,94.1
B0005,53,1.7417172507457144,93.82
B0005,54,1.7364225056478186,93.53
B0005,55,1.7263217239235826,92.99
B0005,56,1.7158065389330133,92.42
B0005,57,1.710533351135192,92.14
B0005,58,1.706014499648521,91.89
B0005,59,1.7003110272642588,91.59
B0005,60,1.6945798601797895,91.28
B0005,61,1.6849029086609286,90.76
B0005,62,1.6744741591159717,90.2
B0005,63,1.6745692479879102,90.2
B0005,64,1.663716375981405,89.62
B0005,65,1.659013868748246,89.36
B0005,66,1.6538540573335014,89.09
B0005,67,1.642653782130131,88.48
B0005,68,1.6378578430223698,88.22
B0005,69,1.6327350407099108,87.95
B0005,70,1.6277528915533617,87.68
B0005,71,1.622125485521159,87.38
B0005,72,1.6113256603765849,86.79
B0005,73,1.6065631397488385,86.54
B0005,74,1.6015142233917594,86.27
B0005,75,1.590369231400328,85.67
B0005,76,1.5857889968242211,85.42
B0005,77,1.5849430707374117,85.37
B0005,78,1.5955263892495937,85.94
B0005,79,1.5747301747801037,84.82
B0005,80,1.5649019950937946,84.29
B0005,81,1.5597659473370362,84.02
B0005,82,1.5594815668184234,84.0
B0005,83,1.55468935359061,83.74
B0005,84,1.5488741079890418,83.43
B0005,85,1.538236598942558,82.86
B0005,86,1.527914258251028,82.3
B0005,87,1.5285252629756445,82.33
B0005,88,1.522647325284378,82.02
B0005,89,1.5174859938489869,81.74
B0005,90,1.605818899130659,86.5
B0005,91,1.5638491446744425,84.24
B0005,92,1.5480915247767786,83.39
B0005,93,1.5323755631868592,82.54
B0005,94,1.5269528268489705,82.25
B0005,95,1.5169573017136326,81.71
B0005,96,1.5118975960142693,81.44
B0005,97,1.5065638960681105,81.15
B0005,98,1.5015453526671363,80.88
B0005,99,1.4908444050400238,80.3
B0005,100,1.485868384561201,80.04
B0005,101,1.480413677976106,79.74
B0005,102,1.4752095869031632,79.46
B0005,103,1.4859035988304024,80.04
B0005,104,1.4960918298136696,80.59
B0005,105,1.4808005946928984,79.76
B0005,106,1.4697543268466824,79.17
B0005,107,1.4539012274845928,78.31
B0005,108,1.4541462067235693,78.33
B0005,109,1.455023751906683,78.38
B0005,110,1.449042163761236,78.05
B0005,111,1.4386709371480566,77.49
B0005,112,1.433445432156979,77.21
B0005,113,1.4333958900838095,77.21
B0005,114,1.42806487344776,76.92
B0005,115,1.4229203181741186,76.65
B0005,116,1.417429032731308,76.35
B0005,117,1.412409228794446,76.08
B0005,118,1.412578792940193,76.09
B0005,119,1.4075983731469897,75.82
B0005,120,1.4333920485221476,77.21
B0005,121,1.4382550176792908,77.47
B0005,122,1.4173547174485526,76.35
B0005,123,1.406981663677643,75.79
B0005,124,1.4012037783587625,75.48
B0005,125,1.3967008232726328,75.23
B0005,126,1.391284788852726,74.94
B0005,127,1.3862287677978349,74.67
B0005,128,1.3804366761974138,74.36
B0005,129,1.3752364150256224,74.08
B0005,130,1.3705128024895008,73.82
B0005,131,1.3705085566270399,73.82
B0005,132,1.3647355108681518,73.51
B0005,133,1.375392016895762,74.09
B0005,134,1.3861115151535393,74.66
B0005,135,1.3698500035838939,73.79
B0005,136,1.3647827949260758,73.51
B0005,137,1.3543220466259964,72.95
B0005,138,1.3546417018378962,72.97
B0005,139,1.3547039213192407,72.97
B0005,140,1.349314997503458,72.68
B0005,141,1.3441891937970554,72.4
B0005,142,1.3389913790695755,72.12
B0005,143,1.3389145230206971,72.12
B0005,144,1.3340066759761655,71.86
B0005,145,1.3286444309174914,71.57
B0005,146,1.3231708992276219,71.27
B0005,147,1.3181691588445197,71.0
B0005,148,1.3184664436640334,71.02
B0005,149,1.318293040102702,71.01
B0005,150,1.323872422244268,71.31
B0005,151,1.3601216766554785,73.26
B0005,152,1.3395306867947354,72.15
B0005,153,1.3290286565120697,71.59
B0005,154,1.3236741274998955,71.3
B0005,155,1.318633896753293,71.03
B0005,156,1.3134751321324272,70.75
B0005,157,1.3132020634442203,70.74
B0005,158,1.3077959946944353,70.44
B0005,159,1.3030329186405918,70.19
B0005,160,1.3033573559038205,70.21
B0005,161,1.3034100438655642,70.21
B0005,162,1.2978870806495706,69.91
B0005,163,1.2980735056918902,69.92
B0005,164,1.293463613844243,69.67
B0005,165,1.288003392619118,69.38
B0005,166,1.2874525221379407,69.35
B0005,167,1.3090153642307354,70.51
B0005,168,1.3250793286429356,71.38
B0006,1,2.035337591005598,100.0
B0006,2,2.0251402460314116,99.5
B0006,3,2.013326371345464,98.92
B0006,4,2.0132846655407413,98.92
B0006,5,2.000528337624771,98.29
B0006,6,2.0138990759931645,98.95
B0006,7,2.013101105626967,98.91
B0006,8,1.9687898262728398,96.73
B0006,9,1.9681661764334244,96.7
B0006,10,1.9572307917560536,96.16
B0006,11,1.9455991514129352,95.59
B0006,12,1.9347505044841131,95.06
B0006,13,1.9232799539368028,94.49
B0006,14,1.911889930948487,93.93
B0006,15,1.9010667141979305,93.4
B0006,16,1.8891989948061458,92.82
B0006,17,1.878278372248849,92.28
B0006,18,1.8675697161520206,91.76
B0006,19,1.8675892574453767,91.76
B0006,20,1.979626548250818,97.26
B0006,21,1.9575499080884022,96.18
B0006,22,1.9458150170787551,95.6
B0006,23,1.9242461121680094,94.54
B0006,24,1.9459811331421641,95.61
B0006,25,1.901407930553079,93.42
B0006,26,1.878674213680085,92.3
B0006,27,1.8683061328264219,91.79
B0006,28,1.8560244070082998,91.19
B0006,29,1.8451997961855777,90.66
B0006,30,1.857228890885317,91.25
B0006,31,1.9247760889090635,94.57
B0006,32,1.8822317526092551,92.48
B0006,33,1.855276687885587,91.15
B0006,34,1.8392508917181876,90.37
B0006,35,1.8185396073994429,89.35
B0006,36,1.8134770059567056,89.1
B0006,37,1.7971018450305436,88.3
B0006,38,1.7810046294120476,87.5
B0006,39,1.7710130422682329,87.01
B0006,40,1.7604712448170943,86.5
B0006,41,1.7502913788006587,86.0
B0006,42,1.7394925037732578,85.46
B0006,43,1.7546766553637203,86.21
B0006,44,1.7659390941842175,86.76
B0006,45,1.7337887419624838,85.18
B0006,46,1.713325912040734,84.18
B0006,47,1.7024077813673466,83.64
B0006,48,1.82371946178183,89.6
B0006,49,1.8081284050314708,88.84
B0006,50,1.7757610945034283,87.25
B0006,51,1.7447409841836798,85.72
B0006,52,1.729207034132373,84.96
B0006,53,1.7081086552553244,83.92
B0006,54,1.6975954237461768,83.41
B0006,55,1.6820634524029463,82.64
B0006,56,1.6714768322295086,82.12
B0006,57,1.6607591387047655,81.6
B0006,58,1.651121015038069,81.12
B0006,59,1.6401349256190927,80.58
B0006,60,1.6291999416165441,80.05
B0006,61,1.6088496302961666,79.05
B0006,62,1.6035244898969248,78.78
B0006,63,1.5989712144027983,78.56
B0006,64,1.5876273123575604,78.0
B0006,65,1.5829719744686166,77.77
B0006,66,1.567137636713563,77.0
B0006,67,1.5613446139713882,76.71
B0006,68,1.5511711892790419,76.21
B0006,69,1.5406741606295171,75.7
B0006,70,1.5253138744624433,74.94
B0006,71,1.5301570318067428,75.18
B0006,72,1.5246566834474087,74.91
B0006,73,1.5145492986655427,74.41
B0006,74,1.509391504602082,74.16
B0006,75,1.5039974333050705,73.89
B0006,76,1.4935201918040188,73.38
B0006,77,1.4876323024497422,73.09
B0006,78,1.5302876214401704,75.19
B0006,79,1.5040760088360112,73.9
B0006,80,1.4887593608730894,73.15
B0006,81,1.4782779285546637,72.63
B0006,82,1.478459982215684,72.64
B0006,83,1.473214844899973,72.38
B0006,84,1.4675164935067897,72.1
B0006,85,1.4516292657521335,71.32
B0006,86,1.4519237720967177,71.34
B0006,87,1.4471484694777745,71.1
B0006,88,1.4468538105659885,71.09
B0006,89,1.4416741930284678,70.83
B0006,90,1.5935866593100128,78.3
B0006,91,1.5463902376915637,75.98
B0006,92,1.51470559175661,74.42
B0006,93,1.4989786083335404,73.65
B0006,94,1.4831110745410492,72.87
B0006,95,1.4729664825468278,72.37
B0006,96,1.4627604396099307,71.87
B0006,97,1.4518364681062514,71.33
B0006,98,1.4468670644030392,71.09
B0006,99,1.441380399427779,70.82
B0006,100,1.431210744960774,70.32
B0006,101,1.4260247179525716,70.06
B0006,102,1.420487649966195,69.79
B0006,103,1.4207006230355006,69.8
B0006,104,1.452255804330839,71.35
B0006,105,1.431557632772571,70.34
B0006,106,1.415015751158943,69.52
B0006,107,1.4097311506517451,69.26
B0006,108,1.404917318129309,69.03
B0006,109,1.395164296571563,68.55
B0006,110,1.3945343832614077,68.52
B0006,111,1.3893171179312644,68.26
B0006,112,1.3838379472327809,67.99
B0006,113,1.3736814238195123,67.49
B0006,114,1.3786059891863676,67.73
B0006,115,1.3737600299108574,67.5
B0006,116,1.3682580583942712,67.23
B0006,117,1.3633024037317505,66.98
B0006,118,1.3580966140172601,66.73
B0006,119,1.353269090999531,66.49
B0006,120,1.3841605738237488,68.01
B0006,121,1.4051467790651473,69.04
B0006,122,1.378719022627353,67.74
B0006,123,1.3682657783199066,67.23
B0006,124,1.3573151296618016,66.69
B0006,125,1.3524934638801596,66.45
B0006,126,1.3474099151661236,66.2
B0006,127,1.3370075130842318,65.69
B0006,128,1.3312352966718526,65.41
B0006,129,1.3259303781727643,65.15
B0006,130,1.321578743867529,64.93
B0006,131,1.321225074066109,64.91
B0006,132,1.3156485301862682,64.64
B0006,133,1.3209025697502388,64.9
B0006,134,1.3474328767273906,66.2
B0006,135,1.3260128072353616,65.15
B0006,136,1.3101186784831063,64.37
B0006,137,1.30521620229393,64.13
B0006,138,1.3004061951355774,63.89
B0006,139,1.300235735841116,63.88
B0006,140,1.2895066722480755,63.36
B0006,141,1.279253057384795,62.85
B0006,142,1.2792078171714618,62.85
B0006,143,1.274036760902923,62.6
B0006,144,1.2741273923001468,62.6
B0006,145,1.2637639426440779,62.09
B0006,146,1.2581373688955233,61.81
B0006,147,1.253259864055301,61.58
B0006,148,1.2532313315493426,61.57
B0006,149,1.2480874960313577,61.32
B0006,150,1.2534354284944844,61.58
B0006,151,1.2898048773266901,63.37
B0006,152,1.2635402021758835,62.08
B0006,153,1.2479761706842853,61.32
B0006,154,1.2321202877943334,60.54
B0006,155,1.2271137666213534,60.29
B0006,156,1.2217397581377356,60.03
B0006,157,1.211102678915174,59.5
B0006,158,1.2056159765131735,59.23
B0006,159,1.2008936262717274,59.0
B0006,160,1.1905903985558335,58.5
B0006,161,1.185179251041941,58.23
B0006,162,1.1796706818144624,57.96
B0006,163,1.1745952836753915,57.71
B0006,164,1.15381833159625,56.69
B0006,165,1.1644009557372264,57.21
B0006,166,1.1587974947916069,56.93
B0006,167,1.1749748834769171,57.73
B0006,168,1.1856752327929356,58.25
B0007,1,1.89105229539079,100.0
B0007,2,1.880637027686859,99.45
B0007,3,1.8806626717011388,99.45
B0007,4,1.8807709009833444,99.46
B0007,5,1.8794508728285058,99.39
B0007,6,1.8807003517117404,99.45
B0007,7,1.8799352523566075,99.41
B0007,8,1.8815088124038797,99.5
B0007,9,1.8696907870385844,98.87
B0007,10,1.870052380139199,98.89
B0007,11,1.8700442394188577,98.89
B0007,12,1.8596518987766364,98.34
B0007,13,1.8590746560862206,98.31
B0007,14,1.8590084577709232,98.31
B0007,15,1.8593622586957048,98.32
B0007,16,1.8587355450601035,98.29
B0007,17,1.847817291322145,97.71
B0007,18,1.8485252916137047,97.75
B0007,19,1.848378951850034,97.74
B0007,20,1.8807805437609766,99.46
B0007,21,1.8814721597443598,99.49
B0007,22,1.8810954313244785,99.47
B0007,23,1.8710089649779995,98.94
B0007,24,1.8701995151941375,98.9
B0007,25,1.8706715362800985,98.92
B0007,26,1.8596124644020169,98.34
B0007,27,1.860033909718346,98.36
B0007,28,1.8591653109160768,98.31
B0007,29,1.8481398178778288,97.73
B0007,30,1.849201702126164,97.79
B0007,31,1.8834677437950846,99.6
B0007,32,1.8628211117905844,98.51
B0007,33,1.852085039652352,97.94
B0007,34,1.8469504648208708,97.67
B0007,35,1.836828431169018,97.13
B0007,36,1.8371619619672275,97.15
B0007,37,1.8316722583718854,96.86
B0007,38,1.8211470951317783,96.3
B0007,39,1.816506091511515,96.06
B0007,40,1.8113815601504555,95.79
B0007,41,1.8116056333939583,95.8
B0007,42,1.8060548955557403,95.51
B0007,43,1.8132041826994056,95.88
B0007,44,1.8062641938283535,95.52
B0007,45,1.7958310249900458,94.96
B0007,46,1.7858852600390451,94.44
B0007,47,1.7803268604502753,94.14
B0007,48,1.8150756899575577,95.98
B0007,49,1.8157025154845838,96.02
B0007,50,1.8002432178056673,95.2
B0007,51,1.7904476205609308,94.68
B0007,52,1.780343032300132,94.15
B0007,53,1.775328769596812,93.88
B0007,54,1.7702629734732853,93.61
B0007,55,1.760081061854204,93.07
B0007,56,1.749647593537689,92.52
B0007,57,1.749650075059311,92.52
B0007,58,1.745028739214683,92.28
B0007,59,1.7396457455286727,91.99
B0007,60,1.7285642277717963,91.41
B0007,61,1.723900324588418,91.16
B0007,62,1.7139788776485192,90.64
B0007,63,1.7139701997004613,90.64
B0007,64,1.7036521173638766,90.09
B0007,65,1.7040137474382486,90.11
B0007,66,1.6935716157343033,89.56
B0007,67,1.6876577363877656,89.24
B0007,68,1.6830744356583152,89.0
B0007,69,1.6779270142025482,88.73
B0007,70,1.6732060275966172,88.48
B0007,71,1.6674367208253988,88.18
B0007,72,1.6622662630667526,87.9
B0007,73,1.6574243065763063,87.65
B0007,74,1.652538684928734,87.39
B0007,75,1.6472174627573322,87.11
B0007,76,1.6364136810898071,86.53
B0007,77,1.6362554312048496,86.53
B0007,78,1.641119179218384,86.78
B0007,79,1.6315700789656966,86.28
B0007,80,1.621213282987236,85.73
B0007,81,1.6164273214762122,85.48
B0007,82,1.615823510161921,85.45
B0007,83,1.61672418029789,85.49
B0007,84,1.6108655863730026,85.18
B0007,85,1.6006603374309376,84.64
B0007,86,1.5959174487005663,84.39
B0007,87,1.5962179519462243,84.41
B0007,88,1.5958065114633972,84.39
B0007,89,1.5906507821480704,84.11
B0007,90,1.6888211161855506,89.31
B0007,91,1.6259938279733204,85.98
B0007,92,1.6157433862812898,85.44
B0007,93,1.6056626764846538,84.91
B0007,94,1.5949746921524348,84.34
B0007,95,1.5904102438871945,84.1
B0007,96,1.5853517062988178,83.83
B0007,97,1.5799737147242376,83.55
B0007,98,1.5752185465278068,83.3
B0007,99,1.569798484648868,83.01
B0007,100,1.5702565375950357,83.04
B0007,101,1.565249873909438,82.77
B0007,102,1.559633933561147,82.47
B0007,103,1.5649820533392105,82.76
B0007,104,1.57497949984227,83.29
B0007,105,1.5652811168780458,82.77
B0007,106,1.559755497470126,82.48
B0007,107,1.549897685670499,81.96
B0007,108,1.5438771531345021,81.64
B0007,109,1.5450187488690073,81.7
B0007,110,1.5445940154102908,81.68
B0007,111,1.5343086721758876,81.14
B0007,112,1.5287603942958483,80.84
B0007,113,1.5289260249179843,80.85
B0007,114,1.529091650133123,80.86
B0007,115,1.5239059324661248,80.59
B0007,116,1.5186675419100615,80.31
B0007,117,1.5136482266426952,80.04
B0007,118,1.5136050185229033,80.04
B0007,119,1.5139470614867965,80.06
B0007,120,1.5339599193158786,81.12
B0007,121,1.5391372798653098,81.39
B0007,122,1.5236247972838737,80.57
B0007,123,1.5135813035589147,80.04
B0007,124,1.5077850749847914,79.73
B0007,125,1.5031960676037333,79.49
B0007,126,1.4978220596995881,79.21
B0007,127,1.492848534633516,78.94
B0007,128,1.492414389867026,78.92
B0007,129,1.487482776538081,78.66
B0007,130,1.482535148640411,78.4
B0007,131,1.4827874322228984,78.41
B0007,132,1.476971179775059,78.1
B0007,133,1.4819015554137276,78.36
B0007,134,1.4981366198874824,79.22
B0007,135,1.4820775214392872,78.37
B0007,136,1.4771155312812152,78.11
B0007,137,1.4720772783056488,77.84
B0007,138,1.472248013656454,77.85
B0007,139,1.4670106672274665,77.58
B0007,140,1.4617672495335379,77.3
B0007,141,1.4566952670489708,77.03
B0007,142,1.451354972758956,76.75
B0007,143,1.451615926257375,76.76
B0007,144,1.4468161332173683,76.51
B0007,145,1.4467570607768785,76.51
B0007,146,1.4413797481446793,76.22
B0007,147,1.4362456252208178,75.95
B0007,148,1.4368154153924828,75.98
B0007,149,1.4362945145860047,75.95
B0007,150,1.4418575315878015,76.25
B0007,151,1.4672063484781797,77.59
B0007,152,1.4518640367848885,76.78
B0007,153,1.4471379752748499,76.53
B0007,154,1.441790586562399,76.24
B0007,155,1.431630947911111,75.71
B0007,156,1.4318084249673686,75.71
B0007,157,1.4262562585106868,75.42
B0007,158,1.4260877528924913,75.41
B0007,159,1.4212633510031694,75.16
B0007,160,1.4163272748795108,74.9
B0007,161,1.4165781829175994,74.91
B0007,162,1.4108401729425177,74.61
B0007,163,1.4109949628347804,74.61
B0007,164,1.4061714290398801,74.36
B0007,165,1.4063358479692922,74.37
B0007,166,1.4004552399066514,74.06
B0007,167,1.4217865046055154,75.18
B0007,168,1.4324552720625434,75.75
B0018,1,1.8550045207910817,100.0
B0018,2,1.8431955317089987,99.36
B0018,3,1.8396018424355423,99.17
B0018,4,1.8306736044962053,98.69
B0018,5,1.8327002069419656,98.8
B0018,6,1.8285288846046388,98.57
B0018,7,1.8212011895697924,98.18
B0018,8,1.8151700106433282,97.85
B0018,9,1.8042980520967649,97.27
B0018,10,1.8231002302844226,98.28
B0018,11,1.8121253520255494,97.69
B0018,12,1.8046916382117766,97.29
B0018,13,1.790844349786295,96.54
B0018,14,1.783470722841926,96.14
B0018,15,1.7809386125310702,96.01
B0018,16,1.771209039672698,95.48
B0018,17,1.7686303996707076,95.34
B0018,18,1.7536304801917124,94.54
B0018,19,1.7462197416415093,94.14
B0018,20,1.7376647337053737,93.67
B0018,21,1.7315166735475835,93.34
B0018,22,1.7085949894470602,92.11
B0018,23,1.711469957068211,92.26
B0018,24,1.7075021373272627,92.05
B0018,25,1.7492382064360228,94.3
B0018,26,1.7327697147429955,93.41
B0018,27,1.7222313328292376,92.84
B0018,28,1.711846298984729,92.28
B0018,29,1.699267835126687,91.6
B0018,30,1.6940366439243106,91.32
B0018,31,1.6819027078768087,90.67
B0018,32,1.6769770618433686,90.4
B0018,33,1.6655229306478936,89.79
B0018,34,1.6571924575832084,89.34
B0018,35,1.6482241555294048,88.85
B0018,36,1.6387701497987262,88.34
B0018,37,1.6276486907262062,87.74
B0018,38,1.62215370227252,87.45
B0018,39,1.6140066510467586,87.01
B0018,40,1.6760516154424623,90.35
B0018,41,1.649300642552199,88.91
B0018,42,1.63238299185809,88.0
B0018,43,1.6164159719025777,87.14
B0018,44,1.6109028378249377,86.84
B0018,45,1.5954638693695657,86.01
B0018,46,1.726707440085764,93.08
B0018,47,1.7165673917429753,92.54
B0018,48,1.6958235570934848,91.42
B0018,49,1.6777783190792557,90.45
B0018,50,1.6606586897774192,89.52
B0018,51,1.6664109274827466,89.83
B0018,52,1.6468336174407805,88.78
B0018,53,1.6257639928779952,87.64
B0018,54,1.6121577411874595,86.91
B0018,55,1.6057366823755344,86.56
B0018,56,1.673645314879889,90.22
B0018,57,1.6404348572349936,88.43
B0018,58,1.6132653317422077,86.97
B0018,59,1.5920964324686278,85.83
B0018,60,1.5866011820698824,85.53
B0018,61,1.5800766490336253,85.18
B0018,62,1.5641732953289167,84.32
B0018,63,1.555618272193922,83.86
B0018,64,1.5402045278637397,83.03
B0018,65,1.5321613015959863,82.6
B0018,66,1.5316232403693415,82.57
B0018,67,1.5222595950771978,82.06
B0018,68,1.5065267126851283,81.21
B0018,69,1.5014219556532926,80.94
B0018,70,1.4963534117486457,80.67
B0018,71,1.5334262000312422,82.66
B0018,72,1.523845267514426,82.15
B0018,73,1.5011920994261239,80.93
B0018,74,1.492417671450291,80.45
B0018,75,1.483323851940123,79.96
B0018,76,1.4807376792294196,79.82
B0018,77,1.4735077809902477,79.43
B0018,78,1.46801928526661,79.14
B0018,79,1.4580923557119019,78.6
B0018,80,1.4478660988891399,78.05
B0018,81,1.4527808777541982,78.32
B0018,82,1.4425356364492432,77.76
B0018,83,1.4392712877203313,77.59
B0018,84,1.4286475681888218,77.02
B0018,85,1.4249026750004896,76.81
B0018,86,1.4698115324524124,79.23
B0018,87,1.4525819651050202,78.31
B0018,88,1.442834198908794,77.78
B0018,89,1.428376058807949,77.0
B0018,90,1.4154547844370715,76.3
B0018,91,1.454576670077708,78.41
B0018,92,1.4283179548274056,77.0
B0018,93,1.4197026883204058,76.53
B0018,94,1.4155606630306516,76.31
B0018,95,1.405680035419228,75.78
B0018,96,1.4084461071166137,75.93
B0018,97,1.3968547782872414,75.3
B0018,98,1.3935670371440676,75.12
B0018,99,1.3893644292809475,74.9
B0018,100,1.3785651415666713,74.32
B0018,101,1.384901110085747,74.66
B0018,102,1.3703251814242443,73.87
B0018,103,1.3733464385229082,74.03
B0018,104,1.3679487285504814,73.74
B0018,105,1.3567141087089647,73.14
B0018,106,1.4604310209194575,78.73
B0018,107,1.4500998937104097,78.17
B0018,108,1.4381406901824496,77.53
B0018,109,1.4283681980964316,77.0
B0018,110,1.4147874517552432,76.27
B0018,111,1.413889163393182,76.22
B0018,112,1.3989331662177225,75.41
B0018,113,1.3953322584033976,75.22
B0018,114,1.390046129540245,74.93
B0018,115,1.3860271454209647,74.72
B0018,116,1.388215260193751,74.84
B0018,117,1.3761826562394497,74.19
B0018,118,1.3647168898640165,73.57
B0018,119,1.3589854739373584,73.26
B0018,120,1.3462308764008801,72.57
B0018,121,1.4268427818454643,76.92
B0018,122,1.4064481483279663,75.82
B0018,123,1.3934907492075153,75.12
B0018,124,1.3882493512249316,74.84
B0018,125,1.3701878338420928,73.86
B0018,126,1.3796951665608619,74.38
B0018,127,1.3686586323935683,73.78
B0018,128,1.3627371779096438,73.46
B0018,129,1.3634051133928073,73.5
B0018,130,1.3518646035305233,72.88
B0018,131,1.3547969729652622,73.03
B0018,132,1.341051440640485,72.29
